id_grupo_consulta,mes,id_m_persistente,version_receta,barraf_origen,factor_origen_m,fila_origen_posicion,rz_soc_suministrador,rut_suministrador,mwh_origen,mwh_destino_agregado,fila_destino_posicion
CONSULTA:b9a2b05eb464e0fe01059f87,2511,M:faf85907c08b1610887c3f9e,d97fda7b8f5987ffc019636ae81283caff8d243c905da2138913194fbf7a3760,KM6___________100,1.0,1806,Enel Generación Chile S.A.,91081000-6,512.188098,512.188098,1806
CONSULTA:2474f09eab43a8bb9d555829,2511,M:4ced74e86b040835da96593b,e1ad4f9802b6e0ca2f567825428a1aaa7e6831d6fef22ee8d3237ecbcbbe4138,NEPTUNO_______220,1.0,3085,El Pelícano Solar Company SpA,76337599-4,10774.425408,10774.425408,3085
CONSULTA:2474f09eab43a8bb9d555829,2511,M:4ced74e86b040835da96593b,e1ad4f9802b6e0ca2f567825428a1aaa7e6831d6fef22ee8d3237ecbcbbe4138,NEPTUNO_______220,1.0,3086,Enel Generación Chile S.A.,91081000-6,8709.758727999999,8709.758727999999,3086
CONSULTA:2474f09eab43a8bb9d555829,2511,M:4ced74e86b040835da96593b,e1ad4f9802b6e0ca2f567825428a1aaa7e6831d6fef22ee8d3237ecbcbbe4138,NEPTUNO_______220,1.0,3087,San Juan S.A.,76319883-9,2197.532312,2197.532312,3087
CONSULTA:ace08137a7265f64d91b6e50,2511,M:3ce9847251aacd8360c95770,cd021a8998402c189994ab91499c71670c2c097b249183f89e40d7599c34f9dd,OCHAGAVIA_____110,1.0,3094,El Pelícano Solar Company SpA,76337599-4,3437.450836,3437.450836,3094
CONSULTA:a91b01806a134f34a89f7063,2511,M:4d0ffda9ec8db5e3c445f2ca,567c4da989569d462585ae5f31e3c6eb4fffed4ac111ec2c788c3a6a3be53f8e,METRO_________110,1.0,2998,Enel Generación Chile S.A.,91081000-6,4994.436470000001,4994.436470000001,2998
CONSULTA:a91b01806a134f34a89f7063,2511,M:4d0ffda9ec8db5e3c445f2ca,567c4da989569d462585ae5f31e3c6eb4fffed4ac111ec2c788c3a6a3be53f8e,METRO_________110,1.0,2999,San Juan S.A.,76319883-9,1214.079082,1214.079082,2999
CONSULTA:1841096cfe7632307212b817,2511,M:523aebfb36c4e9958dd00c36,16ae26f83cccbc5ef0dcf243ceb9c5336f197a37ad0a2bcd5e9c36b9b40a3bf1,RENCA_________110,1.0,3991,El Pelícano Solar Company SpA,76337599-4,3036.9161839999997,3036.9161839999997,3991
CONSULTA:e0cf5304de3ca75f597934a0,2511,M:62a567223d143e31e68bcb30,1304b20fff72fa1fa4588ee9de21c739002611465cf0a27cbde73c9b3bf953cc,MACUL_________020,1.0,2738,El Pelícano Solar Company SpA,76337599-4,1618.292365,1618.292365,2738
CONSULTA:e0cf5304de3ca75f597934a0,2511,M:62a567223d143e31e68bcb30,1304b20fff72fa1fa4588ee9de21c739002611465cf0a27cbde73c9b3bf953cc,MACUL_________020,1.0,2739,Enel Generación Chile S.A.,91081000-6,1297.3474580000002,1297.3474580000002,2739
CONSULTA:e0cf5304de3ca75f597934a0,2511,M:62a567223d143e31e68bcb30,1304b20fff72fa1fa4588ee9de21c739002611465cf0a27cbde73c9b3bf953cc,MACUL_________020,1.0,2740,San Juan S.A.,76319883-9,342.808033,342.808033,2740
CONSULTA:805ab350bcb4737622a406a1,2511,M:03c845318c06e1691ab1c2d6,c22ce542ac546c904816a5f344f0831000d876d0bffb3a4f7b4fa8478bb34c23,STA_RAQUEL____020,1.0,4707,El Pelícano Solar Company SpA,76337599-4,1363.2119069999999,1363.2119069999999,4707
CONSULTA:805ab350bcb4737622a406a1,2511,M:03c845318c06e1691ab1c2d6,c22ce542ac546c904816a5f344f0831000d876d0bffb3a4f7b4fa8478bb34c23,STA_RAQUEL____020,1.0,4708,Enel Generación Chile S.A.,91081000-6,1107.747656,1107.747656,4708
CONSULTA:805ab350bcb4737622a406a1,2511,M:03c845318c06e1691ab1c2d6,c22ce542ac546c904816a5f344f0831000d876d0bffb3a4f7b4fa8478bb34c23,STA_RAQUEL____020,1.0,4709,San Juan S.A.,76319883-9,275.029339,275.029339,4709
CONSULTA:5afcdef35ee39f29e637f061,2511,M:8b13b7ab650f372926716937,55d8463770a2d0f7dc8ecec32a7be8904ac9b0f15ae3545234e3d6c85b19f1d9,CARDONES______110,1.0,753,Acciona Energía Chile Holdings S.A.,76437712-5,4203.380139999999,4203.380139999999,753
CONSULTA:e2851a986225406924d2ff54,2511,M:a6e839d186a751c1c06bd0aa,09456891462196abf93781186fc8f837289aa3b8a14b6753d9d7ae7bf0417fa5,MINERO________110,1.0,3001,Colbún S.A.,96505760-9,83933.625535,83933.625535,3001
CONSULTA:136e9cea590bd1e143631491,2511,M:61365d4888d47d15c60f1086,0ca021dd50ddfa6901bdbd4b292f6fa62c6d6efda581f6a543363e84c28d611a,SALADILLO_____066,1.0,4025,Colbún S.A.,96505760-9,19916.578986,19916.578986,4025
CONSULTA:2cb636d1ac4531b13c0e1e4f,2511,M:72db696a6e59c8d912f60de4,6a779f3c285cff351b0891aa4be6ec847213fb5205045c9261856dd93939d223,L.MAQUIS______220,1.0,2655,Colbún S.A.,96505760-9,49139.836525,49139.836525,2655
CONSULTA:9367f941d7f7f44e15b2b322,2511,M:19d9b69d28de71d2604d5f15,e6649772fbecf46548fb4e354aeb1c5d0c7c46b43843d04f7c35aa3a1918a2cd,D.ALMAGRO_____110,1.0,1485,Colbún S.A.,96505760-9,18239.760934,18239.760934,1485
CONSULTA:c430258bf8c67c3a83165861,2511,M:30287fa2b3ae251361274fa2,889e6a1339fbc67ddd4550e6dc9591665b35ae80c7973e69e7305d20c013e8fd,ENL.MAITENES__110,1.0,1238,Colbún S.A.,96505760-9,6459.627923999999,6459.627923999999,1238
CONSULTA:2e4077d1ebf065f4b7f5890f,2511,M:101e5c8c936362c759eb083b,d63576aee86453ae4b0bb87b07733980652365ade222de4a7d60989ce54c82e9,CHUQUICAMATA__220,1.0,1175,Engie Energía Chile S.A.,88006900-4,88522.571883,88522.571883,1175
CONSULTA:157d6bc33261d2264869a3f9,2511,M:f03fa3a7dedc33a32be0f505,5b547fb65f9d26ea954e2bb4f5cea3ae497545a34864b6b26a1832075a2f8422,TCHITACK______220,1.0,4863,Engie Energía Chile S.A.,88006900-4,29525.944994999998,29525.944994999998,4863
CONSULTA:d6c2d4a9a16dbca45b0961e2,2511,M:cb0756453ffec9615ea0030f,2bbe7cb74f29d2cec3dcef518f556e35600e8085e64dc08234e9d124891dbe0e,R.TOMIC_______220,1.0,3899,AES Andes S.A.,94272000-9,58051.809928999995,58051.809928999995,3899
CONSULTA:641e9490e6cdb701f74c2c10,2511,M:9a2847fdb47e950672f390f8,f0f36ca3a7191ec953fc69b9dafcc05e8d5f892e980c7be3e10c41012866be3f,SALAR_________220,1.0,4030,Engie Energía Chile S.A.,88006900-4,50062.903286,50062.903286,4030
CONSULTA:bbe432bea0fef4a989f2f96e,2511,M:e83e4e2d5fa0f11f35df3cc0,a472a8cd566e88f0b9a46e52fc00102699d331bcf434641dc77095124bd40230,ELCOBRE_______220,1.0,1551,Engie Energía Chile S.A.,88006900-4,30458.305594,30458.305594,1551
CONSULTA:1b2399a38e1bea1ccae6e59f,2511,M:673fbbe544361ed7d741ed22,b9de63370aebd05a782d25ed8cab4ac96978137bf3d81ea19a7e2234e0d3d9fd,MMH___________220,1.0,3021,AES Andes S.A.,94272000-9,47226.756314,47226.756314,3021
CONSULTA:0408091579a6678bdc26a29c,2511,M:538a3c87b7663dac2d8ffdb1,14c292325cca6cad210c72966b9bde120d8a005ac44982ad9cb3855c12ee3652,P.ALMONTE_____110,1.0,3582,Engie Energía Chile S.A.,88006900-4,42.711769999999994,42.711769999999994,3582
CONSULTA:1f73e764dce37194c5e3aacd,2511,M:096c403818d89928b8441a53,bdd4c19f3a172ab006be369664ec6df982d1df8b49d892cb4cae734059688339,CHACAYA_______110,1.0,1036,Engie Energía Chile S.A.,88006900-4,1909.439974,1909.439974,1036
CONSULTA:1f73e764dce37194c5e3aacd,2511,M:096c403818d89928b8441a53,bdd4c19f3a172ab006be369664ec6df982d1df8b49d892cb4cae734059688339,CHACAYA_______110,1.0,1037,Noracid S.A.,76858530-K,1594.302995,1594.302995,1037
CONSULTA:b104b4b0254872b67006aea9,2511,M:95ddf0ee06aa87ac63b00406,da58a30db8d019414082d3ce185bef5a91cdefa29ae5c91abc8799ca5cab72b4,MEJILLONES____023,1.0,2956,Colbún S.A.,96505760-9,1342.058662,1342.058662,2956
CONSULTA:95a62e41e607f16d08730898,2511,M:fffb9f5a48e29c0916027512,938b696cdeefd36fb335879036a2200c64eb8d171b54e154b17754b54eff584d,D.ALMAGRO_____110,1.0,1487,Imelsa Energía SpA,76472262-0,4220.080129,4220.080129,1487
CONSULTA:35ee33050bf2880f1f03ec3a,2511,M:85211d8c9b3d8514f52815e5,bf853da09c0418b69ef62a19710f5d28202b4c465edab99e7daf245e7585bd40,ANTUCOYA______220,1.0,313,Engie Energía Chile S.A.,88006900-4,28590.709866999998,28590.709866999998,313
CONSULTA:abee32de74f029ba75828ca2,2511,M:d3569a63ac9c6e05224d5065,bdad2779f80612aa2861980d7a467999cfb3add4d1f38207b663433d5f30e093,ANGAMOS_______220,1.0,294,AES Andes S.A.,94272000-9,21103.905478999997,21103.905478999997,294
CONSULTA:7fdc96663eaf2296c277c6d3,2511,M:31db8eff7fc51a8a0ab3e7ed,13ad796cd8c6a661a3546e3b2d8e888e7d01d192c36af903d695871a732a554f,CHACAYA_______004,1.0,836,Engie Energía Chile S.A.,88006900-4,1663.14016,1663.14016,836
CONSULTA:5d15556f15bb91fd40f6ce32,2511,M:f467e5b58c4cd1ed4fb5ba20,6893ef0ada7618a9284555ae23d1bfc2373e0a1a7fceb8f6d2c9fc7f20132f5b,S.GORDA_______220,1.0,4735,AES Andes S.A.,94272000-9,88058.906792,88058.906792,4735
CONSULTA:feb72d8ef85705f6699404d7,2511,M:46e0a612470357e423db1202,fce94384d6f361556569c1f564a2b8389d8532d8bef82f159b5b02cd2454567a,TVITOR________023,1.0,4857,Engie Energía Chile S.A.,88006900-4,1678.640145,1678.640145,4857
CONSULTA:6fb52b9ea5fcf153d10dc8bf,2511,M:5dbbb46cfaf9f36c03cb9b06,5ef8201d2526919c53e214fed0be16eae0502f6f486e1818ee9a9ace9109c278,PUNITAQUI2____013,1.0,3734,KDM Energía S.A.,76059578-0,2431.871354,2431.871354,3734
CONSULTA:df7d48226544d85a6bdc4bfe,2511,M:a31b7a01394d13f7660205a4,d76165a66f9bbb0b46f975534af02d7642df92c7d10a97362971ebf7a519f131,CALERA.C______062,1.0,744,Enel Generación Chile S.A.,91081000-6,5093.0574639999995,5093.0574639999995,744
CONSULTA:fa9586f2bd0ef3f83c5ca6d0,2511,M:ce0083355fb33a5be2846204,6d64312cb990709aa3d399dbe073f8afe7d7462a6daa54a34a58f83bc1ae9ace,TLIBERTADORES_110,1.0,4818,AES Andes S.A.,94272000-9,25311.822627999998,25311.822627999998,4818
CONSULTA:510a4a9b535c8ab882f54ef9,2511,M:e7a7718ad3d6996c10d4278a,84f2b41bd15a625bcdd1da88dc8743c2b3a08a8d8f0ba02e1372409eb77f4811,N.VICTORIA____220,1.0,4853,Enel Generación Chile S.A.,91081000-6,1.060532,1.060532,4853
CONSULTA:3d6093107f15b0d6b8d24c5d,2511,M:62f956a7c53eceff8f07ccea,f2c76065c90209554c101265d418311ec3508fe79550b8813717a6f1e94c8738,ATACAMA_______023,1.0,381,Enel Generación Chile S.A.,91081000-6,2422.1270980000004,2422.1270980000004,381
CONSULTA:c8e157070eb7982602d94840,2511,M:5acec3a41198a9a963e16e90,bca601c26abea67f73c831949ee9ed110e2df2f48c39ee67f99ca298a0187ee3,L.INDURA______066,1.0,2233,Guacolda Energía SpA,76418918-3,3443.077405,3443.077405,2233
CONSULTA:ca9a55adcb94aa5ddef4bbc0,2511,M:601cf2f1b6455b7a3c17452e,b3b5a968ffb2db055d63ed7aac04de91957ad7cab20ffa222daebe8cbecc25ca,INDURA________066,1.0,1725,Guacolda Energía SpA,76418918-3,2972.863964,2972.863964,1725
CONSULTA:284c60cd23ee4e39e717bec7,2511,M:cbcc61b0eb7025abb2f2f641,1926e1db6971beaf569da7e7d9219a8d6a16cd297968b016472468978e3bab96,C.PINTO_______220,1.0,774,Guacolda Energía SpA,76418918-3,11.148307,11.148307,774
CONSULTA:284a309879e2bc990b45553f,2511,M:d20562b6a1d1a4a4d545abff,aa70aa5062f0a820c0c1d9f02873ab8f75e19b6e5ec1934f2abf92706ae1db5d,P.ALMONTE_____023,1.0,3583,Acciona Energía Chile Holdings S.A.,76437712-5,1160.016355,1160.016355,3583
CONSULTA:284a309879e2bc990b45553f,2511,M:d20562b6a1d1a4a4d545abff,aa70aa5062f0a820c0c1d9f02873ab8f75e19b6e5ec1934f2abf92706ae1db5d,P.ALMONTE_____023,1.0,3584,Acciona Energía Chile Holdings S.A.,76437712-5,503.218814,503.218814,3584
CONSULTA:284a309879e2bc990b45553f,2511,M:d20562b6a1d1a4a4d545abff,aa70aa5062f0a820c0c1d9f02873ab8f75e19b6e5ec1934f2abf92706ae1db5d,P.ALMONTE_____023,1.0,3585,Acciona Energía Chile Holdings S.A.,76437712-5,561.8675999999999,561.8675999999999,3585
CONSULTA:611b7e3f6dbdfbbffbbb6024,2511,M:bd2858d0c3730e0f31cff977,e590779856ab9ea5dec7d322754fb62da844d5ce486c23aa6856066707e1e76a,TAMARUGAL_____023,1.0,4816,Acciona Energía Chile Holdings S.A.,76437712-5,1429.749764,1429.749764,4816
CONSULTA:5765d7de00e28cb3eeb490e2,2511,M:4977e3a296a9d7eb3841cc1f,1bc5b233235a3e4bad64781f55017c315b5fef645c15c646a2169fd61422aeca,FOPACO________154,1.0,1694,Enel Generación Chile S.A.,91081000-6,5782.43267,5782.43267,1694
CONSULTA:7a74dc8a79883c4b8b5d84c2,2511,M:395cd31223f9007943442828,d3e2e32a3f9e004627fb7470c145765ba1465cb5ff4016e0916cefc23f464921,DESALANT______110,1.0,1482,Enel Generación Chile S.A.,91081000-6,3253.753063,3253.753063,1482
CONSULTA:7a74dc8a79883c4b8b5d84c2,2511,M:395cd31223f9007943442828,d3e2e32a3f9e004627fb7470c145765ba1465cb5ff4016e0916cefc23f464921,DESALANT______110,1.0,1483,Engie Energía Chile S.A.,88006900-4,7331.852812,7331.852812,1483
CONSULTA:05ea73b6f00e83c0fcbeb6ae,2511,M:febfd0c6e887559580d9b703,c901366eeefa640f27856b6ec834f0f1e2fd8c0c6abc4751c9f49e1151674b8f,ZALDIVAR______220,1.0,5144,Colbún S.A.,96505760-9,35619.86213,35619.86213,5144
CONSULTA:ddba2f5c1c46c9fb28b37637,2511,M:36e36a5c415ce1fa02b955c0,d2eb465603abee0b204cacb6fee2d55c4b31dd1c0c47c8da59beae67639fd905,EL_LINCE______023,1.0,1559,Engie Energía Chile S.A.,88006900-4,5178.150715,5178.150715,1559
CONSULTA:01c0b49999511d4e01db9ad8,2511,M:be3cdfce2d133a1ba4714afa,c0bb46dd6cd469372f0c72e98d76195cf52f73846e9f3d9491de42d62c791b27,TMELON________012,1.0,4920,Neoelectra Energía Chile SpA,77081321-2,303.084875,303.084875,4920
CONSULTA:a0d1e433b72acf8bc12e20bc,2511,M:a564af026079ac2863bb0d7a,08c7b7fbff031ebd4f849b61e487bd40636fd6fb17886821d4763e5ea487abff,CHACAYA_______110,1.0,1040,Engie Energía Chile S.A.,88006900-4,27057.479114,27057.479114,1040
CONSULTA:fc3c7cd027e4a9a932c44aba,2511,M:5ac63aaf5bbce1fbda6a190c,045d3920f0d01958bda4adf72c472d7882ad008209e2cd434e368764af28fdb4,ESPERANZA_SNG_220,1.0,1640,Colbún S.A.,96505760-9,1917.237353,1917.237353,1640
CONSULTA:fc3c7cd027e4a9a932c44aba,2511,M:5ac63aaf5bbce1fbda6a190c,045d3920f0d01958bda4adf72c472d7882ad008209e2cd434e368764af28fdb4,ESPERANZA_SNG_220,1.0,1641,Engie Energía Chile S.A.,88006900-4,72641.26067399999,72641.26067399999,1641
CONSULTA:f120e4cc961a113f7c6ca535,2511,M:0b16177844405b4decf079e2,018d42a224edac3b094ac0e8e53a1a8036414e3066354d4cd4ab679f58755611,TESORO________220,1.0,1619,Engie Energía Chile S.A.,88006900-4,15753.505610999999,15753.505610999999,1619
CONSULTA:ca01385215ec66ca2a36e339,2511,M:857b137170694f10b446978a,86cf4404109105cc77585ce0cfb158d7a287031f5ea7dc0a70f15d959ff91d0f,MEJILLONES____023,1.0,2957,Engie Energía Chile S.A.,88006900-4,3.158953,3.158953,2957
CONSULTA:2b26fb4ffdff6d47b14a51ad,2511,M:bf413050369dd6dfb8ac8ce9,eeb199c1add5303ce4a94b7393e95ed0651bba473ee453dd3d659d8053b8fce1,CHACAYA_______110,1.0,1041,Engie Energía Chile S.A.,88006900-4,1269.074541,1269.074541,1041
CONSULTA:fb105092352638a4d2e8c102,2511,M:dde791b5df34fab95b3cf394,ccf22b7d2138b31f2081d633f5bcaa3ccf08909c89b9f79cd1daeea6be119df7,QUINTERO______220,1.0,845,Enel Generación Chile S.A.,91081000-6,2998.8946589999996,2998.8946589999996,845
CONSULTA:ca41a4dcb0f540ccfafc68e4,2511,M:8c590bc637849b82de549058,a78af43170eaf2bf64b54e0b8b83b7787a2a53b64cca9cc631bad49aebc5adca,CALDERA_______110,1.0,737,Acciona Energía Chile Holdings S.A.,76437712-5,2727.652655,2727.652655,737
CONSULTA:bd2f9e82023c19b2f0c632c5,2511,M:9b5b0e4a1f3c74941fa9b2b1,5c91d0e2d6bfe4184813930d0dd66f9d2fa87343f878329e8ebad365a1ccbbd1,D.ALMAGRO_____110,1.0,1486,Guacolda Energía SpA,76418918-3,34148.918101999996,34148.918101999996,1486
CONSULTA:2f2866d576ddceb2e29abf75,2511,M:a0e5fd654e6f60849af245fb,8b10b4d80fe9e0aaf16f831cc88cd014fbfa886443b351f5d6a90ee9db4cf380,T.AMARILLA____110,1.0,4890,Colbún S.A.,96505760-9,4582.1926490000005,4582.1926490000005,4890
CONSULTA:51ec7ee393aebf84cc435ef5,2511,M:caba9ee54add27d5c246d12f,350d5c82cc0ec7fd873308b6cbf401fed9ab399994ca7fa294b3b3ddb3477597,CANTERAS______110,1.0,2105,Colbún S.A.,96505760-9,2941.401691,2941.401691,2105
CONSULTA:f94ddff1322630f690d2afd8,2511,M:d772498c4ccbe1cf2762d3f4,654bce423f842c958340f25f39882b46d4e6d1e10b60e3cf1874d14f42ed47d3,PALLATA_______220,1.0,3271,Enel Generación Chile S.A.,91081000-6,461.337506,461.337506,3271
CONSULTA:a481764e5a25740f200fc061,2511,M:1ddb37357e871b802f7a7cde,bdc421d61e02fa87dbf387ce834d326a24dfd0c79a6983881df5703a727a464e,S.P.PAPELES___066,1.0,3382,AES Andes S.A.,94272000-9,9268.599832,9268.599832,3382
CONSULTA:bd69e08dd11bcd6d36a3261e,2511,M:4a9a227b49c37d1d03343007,7d51f546074ef1b55404b82dd579b4d9476913fc7b58c600531176137a659aa6,M.BLANCOS_____023,1.0,2871,Guacolda Energía SpA,76418918-3,23314.65845,23314.65845,2871
CONSULTA:a74132f066921b70d80980cb,2511,M:3b53ec5244329a22763e1eed,9a729d1a581f9ae1122fac9ba5cd694765f6c25ba27bfef43cf2796b0661b193,PANAMERICANA__012,1.0,3315,AES Andes S.A.,94272000-9,4348.448,4348.448,3315
CONSULTA:e4bfffe28b4410ca5c8dbb8b,2511,M:66f4ee5b9ada31b7c8dc36f5,4a8b24aafabf70cef470e2efc2df5b937de3e2fcff827861ec52f8170e94d7c1,LA_CALERA_____110,1.0,1807,Enel Generación Chile S.A.,91081000-6,18511.259732000002,18511.259732000002,1807
CONSULTA:88c06a1cf4616721b4edb945,2511,M:35dfb285f80c2a1cc8e150ae,21431bb515a0977ad7afc35881ce79b63531abb52e546d86a9ccc59c3a293da1,POLPAICO______220,1.0,3569,Enel Generación Chile S.A.,91081000-6,112268.134851,112268.134851,3569
CONSULTA:460e86d1a0e9f9e822710ecb,2511,M:7a953f2fb9ae83bb6d05fc60,8b752a397186d908b3d30d1df3999091b06bd85ca4004935922f2f1551083f7d,CHAGRES_______110,1.0,1699,Enel Generación Chile S.A.,91081000-6,11201.959309,11201.959309,1699
CONSULTA:4a303875565f4ef649ff6375,2511,M:26c187cdcbaf9d640492ad01,af2287010227468317b2086181896c436f9d7c551ca99875589ea84af60c9197,SALAMANCA_____110,1.0,4026,EMOAC SpA,76208888-6,1396.428133,1396.428133,4026
CONSULTA:ff59e7a4e19da1b5ae75eb60,2511,M:68a8cdcd97accf1c43de9eec,9aa24a1bb3e6e158840aa6f7d7c5472b15316bfbf4a2a299fcbbfb8dc3c95536,PETROPOWER____066,1.0,3437,Enel Generación Chile S.A.,91081000-6,3051.692188,3051.692188,3437
CONSULTA:a184e79b0dabdac8b0dc010a,2511,M:5fd27f04f04a06e9d074072e,2f2f5329cf67e87f41486017b38483f6b661b13ad742cc0c27eb3951a96b2388,CARDONES______110,1.0,752,Acierta Energía SpA,77333033-6,303.420199,303.420199,752
CONSULTA:9cfba280f9043314682e2f72,2511,M:713f65e8da4f709c40006dfe,90a45a7b0138eea0a86cbdc115a8ea50948a28876cdd9dfeeb9ca52a0e9981fb,PETALTAL______033,1.0,3383,Enel Generación Chile S.A.,91081000-6,638.7840699999999,638.7840699999999,3383
CONSULTA:26eeeca5328eaf533150bf5c,2511,M:8d22907bfeca48e41d92afbb,a5baaafb274404db7af2d98773cf3344a7b2f0c6706505fa37518e159117e863,T.LLANBLANCOS_220,1.0,642,AES Andes S.A.,94272000-9,35742.107441,35742.107441,642
CONSULTA:6a8013958bc04bd848d0127c,2511,M:52cf992e609115d4aa9d472e,97d226b661150dc0e2ed31593b7d3916b098f45ac6e500a2d43ac6954413e38b,D.AMIGOS______023,1.0,1492,Enel Generación Chile S.A.,91081000-6,96.48661100000001,96.48661100000001,1492
CONSULTA:9ecc3d5952d846e8735d7bca,2511,M:d5b823c597b5022a062b8efe,354a4007926d0e7eea98f9ad306c1c12ade39a37cd65694eeebb40be31c7e6b5,AG.BLANCAS____013,1.0,0,On-Group S.A.,96827870-3,1478.6727420000002,1478.6727420000002,0
CONSULTA:57d6beafb950be0a051003de,2511,M:91ef89e663613d2d57789189,c0e9a40bf5d10a9bbf42c7abe2c9500c80b7183abca5238f0f45aff702ed8e38,LABERINTO_____220,1.0,2042,Engie Energía Chile S.A.,88006900-4,26179.722208,26179.722208,2042
CONSULTA:438c039c1ec107b3c3404ac8,2511,M:2cb6b3f286fb39fbf2d9cfff,e4897f1682ca2a0146deddf64bab64f82bd6a8bc4e7bd9ef91e7328516f677de,EL_MANZANO____023,1.0,1567,Colbún S.A.,96505760-9,4954.241367,4954.241367,1567
CONSULTA:438c039c1ec107b3c3404ac8,2511,M:2cb6b3f286fb39fbf2d9cfff,e4897f1682ca2a0146deddf64bab64f82bd6a8bc4e7bd9ef91e7328516f677de,EL_MANZANO____023,1.0,1568,Colbún S.A.,96505760-9,2517.97874,2517.97874,1568
CONSULTA:08ebd67e3e31198e9c075d2a,2511,M:0a554ced70fe14e8d8143447,74914d499ee0943e2370273b4129b0a110dd7efcac3719b7680ff0d743220ec6,C.PINTO_______220,1.0,773,Enel Generación Chile S.A.,91081000-6,12628.071615,12628.071615,773
CONSULTA:a9135e7ebb53c4d478fb66a9,2511,M:676f069162843be6b68f2c8e,17656ec84aa3261f48d4109f34812021b7bd7a2d618d6f28a635b917fbcd04de,OGP1__________220,1.0,3107,Colbún S.A.,96505760-9,42258.926937,42258.926937,3107
CONSULTA:a9135e7ebb53c4d478fb66a9,2511,M:676f069162843be6b68f2c8e,17656ec84aa3261f48d4109f34812021b7bd7a2d618d6f28a635b917fbcd04de,OGP1__________220,1.0,3108,Enel Generación Chile S.A.,91081000-6,42258.926935999996,42258.926935999996,3108
CONSULTA:f3cda7bb9382a67384dc9b0b,2511,M:80f576efaca3e88213949171,c1c8dc1ecad6c8b9ad3245a8182944385a5aa2e234ae8f52b135e61e761c3595,DOMEYKO_______220,1.0,1490,Colbún S.A.,96505760-9,46031.888420999996,46031.888420999996,1490
CONSULTA:f3cda7bb9382a67384dc9b0b,2511,M:80f576efaca3e88213949171,c1c8dc1ecad6c8b9ad3245a8182944385a5aa2e234ae8f52b135e61e761c3595,DOMEYKO_______220,1.0,1491,Enel Generación Chile S.A.,91081000-6,46031.888416999995,46031.888416999995,1491
CONSULTA:41d49db7986a4deee89e4464,2511,M:c33c5e3b24863ef4f222c36d,f58fd0860ccc2384a602e29ef298aaaa6b6350d4a454087d30c1051934c6bfd2,ESCONDIDA_____220,1.0,1620,Colbún S.A.,96505760-9,29195.768434,29195.768434,1620
CONSULTA:41d49db7986a4deee89e4464,2511,M:c33c5e3b24863ef4f222c36d,f58fd0860ccc2384a602e29ef298aaaa6b6350d4a454087d30c1051934c6bfd2,ESCONDIDA_____220,1.0,1621,Enel Generación Chile S.A.,91081000-6,29195.768434,29195.768434,1621
CONSULTA:5c44c0d142beb3de04f2d740,2511,M:4b8b7f9bfb1c8e916f68d852,37a65edba613ef823d5a57592caf67f836bde29bac53b56a5fd33c7e9a46e928,SULFUROS______220,1.0,4736,Colbún S.A.,96505760-9,24673.206749,24673.206749,4736
CONSULTA:5c44c0d142beb3de04f2d740,2511,M:4b8b7f9bfb1c8e916f68d852,37a65edba613ef823d5a57592caf67f836bde29bac53b56a5fd33c7e9a46e928,SULFUROS______220,1.0,4737,Enel Generación Chile S.A.,91081000-6,24673.206749,24673.206749,4737
CONSULTA:860d1198202cc469a75e1f92,2511,M:12777444cee98cae1f7bb0c6,86a9771855732d03199adc5cad0ff4b17070113d4dd942fbd904cf0ee414432e,FARELLON______220,1.0,1643,Colbún S.A.,96505760-9,12679.995968000001,12679.995968000001,1643
CONSULTA:860d1198202cc469a75e1f92,2511,M:12777444cee98cae1f7bb0c6,86a9771855732d03199adc5cad0ff4b17070113d4dd942fbd904cf0ee414432e,FARELLON______220,1.0,1644,Enel Generación Chile S.A.,91081000-6,12679.996142999998,12679.996142999998,1644
CONSULTA:565c65192bce2929f46f5c77,2511,M:50f04de39c9b0b43da6c601a,027e85da7af248aad9ac70521d7f758c369320c3c1171dcad80739af551c77b2,COLOSO________220,1.0,1296,Colbún S.A.,96505760-9,26910.737411,26910.737411,1296
CONSULTA:565c65192bce2929f46f5c77,2511,M:50f04de39c9b0b43da6c601a,027e85da7af248aad9ac70521d7f758c369320c3c1171dcad80739af551c77b2,COLOSO________220,1.0,1297,Enel Generación Chile S.A.,91081000-6,26910.737411,26910.737411,1297
CONSULTA:5eb93484bf8dfe522d7a0523,2511,M:8c724b16ca6d65507ab3ceae,55090dd28ccbe26bf2075eeeea6db93741b1344c6a75627b186a4877a1e57252,CHIMBORAZO____220,1.0,1093,Colbún S.A.,96505760-9,12527.713373,12527.713373,1093
CONSULTA:5eb93484bf8dfe522d7a0523,2511,M:8c724b16ca6d65507ab3ceae,55090dd28ccbe26bf2075eeeea6db93741b1344c6a75627b186a4877a1e57252,CHIMBORAZO____220,1.0,1094,Enel Generación Chile S.A.,91081000-6,12527.713373,12527.713373,1094
CONSULTA:18eb7a563912335c6fa8b097,2511,M:bd2a0dfe4e0d60da6ee3d524,e408014267b97edffcb36ae562625babd339ce406e97aefe75017241512bb8de,BOMBEO3_______004,1.0,4828,Colbún S.A.,96505760-9,481.697579,481.697579,4828
CONSULTA:18eb7a563912335c6fa8b097,2511,M:bd2a0dfe4e0d60da6ee3d524,e408014267b97edffcb36ae562625babd339ce406e97aefe75017241512bb8de,BOMBEO3_______004,1.0,4829,Enel Generación Chile S.A.,91081000-6,481.697579,481.697579,4829
CONSULTA:5eb3a493e6ba9e203fefd140,2511,M:c5bd31c2fcb7dd8b6f264a3a,d49e8b01ff827ffe7e6f9e6e79add3066a3599b609662261a7eb9ebae6211fbe,PURI__________220,1.0,3737,Colbún S.A.,96505760-9,12941.585511,12941.585511,3737
CONSULTA:5eb3a493e6ba9e203fefd140,2511,M:c5bd31c2fcb7dd8b6f264a3a,d49e8b01ff827ffe7e6f9e6e79add3066a3599b609662261a7eb9ebae6211fbe,PURI__________220,1.0,3738,Enel Generación Chile S.A.,91081000-6,12941.585511,12941.585511,3738
CONSULTA:ad5079d06a6701d9eea10e03,2511,M:081e0b49cd1d2fe25652cdc4,d9932a4c5c96aee3748f9696c3a0ad3f32377cb8727358cadc14378864739801,BOMBEO4_______004,1.0,4830,Colbún S.A.,96505760-9,443.280454,443.280454,4830
CONSULTA:ad5079d06a6701d9eea10e03,2511,M:081e0b49cd1d2fe25652cdc4,d9932a4c5c96aee3748f9696c3a0ad3f32377cb8727358cadc14378864739801,BOMBEO4_______004,1.0,4831,Enel Generación Chile S.A.,91081000-6,443.28045299999997,443.28045299999997,4831
CONSULTA:e17222777449feec52d13dfb,2511,M:78c71e47b0a58aabaec48e95,b527e708784504f7b8692dc73058ea5dcac2b2fc319b465bea7132fe39e1213f,BOMBEO2_______004,1.0,4826,Colbún S.A.,96505760-9,367.592329,367.592329,4826
CONSULTA:e17222777449feec52d13dfb,2511,M:78c71e47b0a58aabaec48e95,b527e708784504f7b8692dc73058ea5dcac2b2fc319b465bea7132fe39e1213f,BOMBEO2_______004,1.0,4827,Enel Generación Chile S.A.,91081000-6,367.59232799999995,367.59232799999995,4827
CONSULTA:d92a9820659e4780293ae5ba,2511,M:6ad694f2a03ff32b8568b817,0745ddfcc636c4e8193862a51846ba1e6f042e2f5ce4236222e688b50ae48441,AGUILA________066,1.0,4823,Engie Energía Chile S.A.,88006900-4,2121.012384,2121.012384,4823
CONSULTA:b310ceb4934bdc1527f204b1,2511,M:1011ec749635690cde3e95d3,ead768adda7405d3556dfe909bd59a2312fe3cb6bf48cc08b861e876f5312b88,N.VICTORIA____220,1.0,4850,Enel Generación Chile S.A.,91081000-6,771.2557800000001,771.2557800000001,4850
CONSULTA:b310ceb4934bdc1527f204b1,2511,M:1011ec749635690cde3e95d3,ead768adda7405d3556dfe909bd59a2312fe3cb6bf48cc08b861e876f5312b88,N.VICTORIA____220,1.0,4851,Noracid S.A.,76858530-K,1637.065798,1637.065798,4851
CONSULTA:be0c827bf0b88671e680a0c3,2511,M:92b5598ff9417269d3d92089,7a35de8f2ee98b3ff5146e3bfc8544b7610de886a11a6c2eeeb2909df01ef4f2,L.LUCES_______110,1.0,2133,Imelsa Energía SpA,76472262-0,4119.133525,4119.133525,2133
CONSULTA:0e5bdaf306629df5882ba66c,2511,M:b21f9fdff19369ea54d50101,653bf8d99530a899263e25f5e17db2e1447c6f10de9601992e22d6b0fe599c3c,OXIDOS________110,1.0,3555,Imelsa Energía SpA,76472262-0,2390.696956,2390.696956,3555
CONSULTA:44098256b77f56e296845158,2511,M:721aceae819f5b0105799cf9,a2379118fd555fe0c8a96d1945331b2508b40484330f71584c6cf7d3c25ca855,CABILDO_______023,1.0,656,Imelsa Energía SpA,76472262-0,3087.29387,3087.29387,656
CONSULTA:44098256b77f56e296845158,2511,M:721aceae819f5b0105799cf9,a2379118fd555fe0c8a96d1945331b2508b40484330f71584c6cf7d3c25ca855,CABILDO_______023,1.0,657,Imelsa Energía SpA,76472262-0,850.24368,850.24368,657
CONSULTA:dfb2723fba6c346b9aefbb77,2511,M:07d5328b1a1982aadb5437a0,b40e5e5ec7ad8073cfd0ef4c3d721b8388fdcc1bf7d03a0b2cbc1e54a7513a19,L.UNION_______013,1.0,2034,Enel Generación Chile S.A.,91081000-6,5321.506971,5321.506971,2034
CONSULTA:5279a6ad0ddce72a4bff8fdb,2511,M:e4a5c511660d619760b5964f,3fc8afbadbe8e990a25d105b3d2375ae1fe3072a65f091450e9174a514792948,PAJONAL_______023,1.0,837,Enel Green Power Chile S.A.,76412562-2,250.401604,250.401604,837
CONSULTA:ac8a3b7b688c862ffaba316d,2511,M:2abc45cd59f6d1d79a8cab97,f1cbcc7953cbf20c02dd363d65884868ccea107a3586ce5eecede8ad193419c5,CERRILLOS_____013,1.0,874,Acciona Energía Chile Holdings S.A.,76437712-5,6123.161309,6123.161309,874
CONSULTA:ac8a3b7b688c862ffaba316d,2511,M:2abc45cd59f6d1d79a8cab97,f1cbcc7953cbf20c02dd363d65884868ccea107a3586ce5eecede8ad193419c5,CERRILLOS_____013,1.0,875,Acciona Energía Chile Holdings S.A.,76437712-5,570.6931850000001,570.6931850000001,875
CONSULTA:c5206f1eef43fd3b619eba18,2511,M:c034a22ac7820112cc2166de,bf92a4d83ac6a7a002fe5a5af6dcf0fa6920b178cd72b442f12743b267221513,QUELTEHUES____110,1.0,842,Colbún S.A.,96505760-9,22.677641,22.677641,842
CONSULTA:33979fe902954f9db210b946,2511,M:58ad02ab31c720871cc2175f,b83ed38d5c56e084d254be142406b4c72d67258646f196d6dbc47841f8c7d088,EL_NEGRO______110,1.0,4825,Engie Energía Chile S.A.,88006900-4,7371.199419,7371.199419,4825
CONSULTA:d7cf675b432cd15b887ef367,2511,M:d02d60d6364d81c804d16c44,5e96e21bb711a1c442cf55acf3c50a1079ce9cefc4fb64b59fc6e8ed9f63e81a,OESTE_________220,1.0,4854,Engie Energía Chile S.A.,88006900-4,1172.114723,1172.114723,4854
CONSULTA:e5f72dd6b6b4599aed343200,2511,M:a7fb060e0eb9fd6ffa11cc29,96e32944245c2ff6a44552f0ff894c0d082307eb3d6954257189f110fc832920,CARDONES______220,1.0,754,AES Andes S.A.,94272000-9,66767.384714,66767.384714,754
CONSULTA:783fa679555da97327342b54,2511,M:06a6a8959f4655331513e222,f9160c6bc0f56789e0c54900361673e717fef98a9f918ab77b47164f1bac5a83,P.COLORADA____220,1.0,3735,Enel Generación Chile S.A.,91081000-6,7440.654642,7440.654642,3735
CONSULTA:e504e9b3fd2f6cb9f1120652,2511,M:cfdbb9fc1d16ce25dee5c442,b199fb6aab226a3a82559ef908e3d2236a003b9a57f2dde158fda73c243984a1,PALLATA_______220,1.0,3268,Colbún S.A.,96505760-9,27388.520618000002,27388.520618000002,3268
CONSULTA:e504e9b3fd2f6cb9f1120652,2511,M:cfdbb9fc1d16ce25dee5c442,b199fb6aab226a3a82559ef908e3d2236a003b9a57f2dde158fda73c243984a1,PALLATA_______220,1.0,3269,Enel Generación Chile S.A.,91081000-6,39139.138154,39139.138154,3269
CONSULTA:e504e9b3fd2f6cb9f1120652,2511,M:cfdbb9fc1d16ce25dee5c442,b199fb6aab226a3a82559ef908e3d2236a003b9a57f2dde158fda73c243984a1,PALLATA_______220,1.0,3270,Tamakaya Energía SpA,76349223-0,20847.073966,20847.073966,3270
CONSULTA:453924ae03ef5a7f9d4da328,2511,M:cb40444becef114ac33c31cd,f4adcff714fd91545eedbe70ba73ca47e9f67eafa9066d6cb558714e6ed680b7,KAPATUR_______220,1.0,1803,Colbún S.A.,96505760-9,7014.114542,7014.114542,1803
CONSULTA:453924ae03ef5a7f9d4da328,2511,M:cb40444becef114ac33c31cd,f4adcff714fd91545eedbe70ba73ca47e9f67eafa9066d6cb558714e6ed680b7,KAPATUR_______220,1.0,1804,Enel Generación Chile S.A.,91081000-6,10078.626575999999,10078.626575999999,1804
CONSULTA:453924ae03ef5a7f9d4da328,2511,M:cb40444becef114ac33c31cd,f4adcff714fd91545eedbe70ba73ca47e9f67eafa9066d6cb558714e6ed680b7,KAPATUR_______220,1.0,1805,Tamakaya Energía SpA,76349223-0,5136.08773,5136.08773,1805
CONSULTA:35a45f1ba4bc863e9096a71f,2511,M:cd73047a5a623ea73052b5ed,fef4bcecfaeea0ec81939eadc8df7d8ad9693fd54d7d822864626603526145d5,TORQUEMADA____110,1.0,4910,ENAP Refinerías S.A.,87756500-9,174.875733,174.875733,4910
CONSULTA:4a288645119f623b3500fa47,2511,M:ba9fb136e7ebd0e928ee8843,02a83f71f592b028908ef609fb85dab9b4e8f58e0c7b12047eaf3f4b44c8154a,PETROPOWER____066,1.0,3436,ENAP Refinerías S.A.,87756500-9,26211.558782,26211.558782,3436
CONSULTA:4fd2ed25c3af76f165507aea,2511,M:96a8efa164a85eeb55e82733,4631136961cdb201ff59a00b791ebe94ec4f9687d7daa364fd1cc1c99573ea2d,VENTANAS______110,1.0,4965,Enel Generación Chile S.A.,91081000-6,669.700516,669.700516,4965
CONSULTA:7d2de1cce69455e1524d96c2,2511,M:572c02eb3f9b5dbcd8105806,376f60200dd872ad4ff5509a3fff5f4a24c98cbe61415a048591b67ef60f393b,ARICA_________066,1.0,379,Engie Energía Chile S.A.,88006900-4,60.806591,60.806591,379
CONSULTA:836ab03695b86adc0d39e3be,2511,M:6b99282f77d593e8a6cab850,6b36b37a9c143b45b48633076c9d06d038df0746d15e3e31155586df0aba2792,CHAPIQUINA____013,1.0,831,Engie Energía Chile S.A.,88006900-4,169.36696700000002,169.36696700000002,831
CONSULTA:1772d0dba6e177c743b3ad1c,2511,M:d245469941efa552e7b58bab,cd32a62ebdefc56ee1dc31aa76e1981e5d2248f573d731cb1a786518a60a1bf8,CHACAYA_______110,1.0,1038,Engie Energía Chile S.A.,88006900-4,295.740623,295.740623,1038
CONSULTA:f3659db72dd9d66b217d2533,2511,M:6cb957722d6f3150f03797f5,49f580af04a4b7b62180ca31e9ec5488589ddfe1ef6157a07d0f31316271b4e7,ALTONORTE_____110,1.0,232,Engie Energía Chile S.A.,88006900-4,28305.973251,28305.973251,232
CONSULTA:49e7c0a460438ec9ddfd1c3b,2511,M:678d2bb29d9bd3014d1be5b6,c5fe9d657e28acf448671b83d26dea79a76ab4c77c76eea82e67e4dcadd8e04f,TARAPACA______220,1.0,4858,Colbún S.A.,96505760-9,8811.115971000001,8811.115971000001,4858
CONSULTA:49e7c0a460438ec9ddfd1c3b,2511,M:678d2bb29d9bd3014d1be5b6,c5fe9d657e28acf448671b83d26dea79a76ab4c77c76eea82e67e4dcadd8e04f,TARAPACA______220,1.0,4859,Enel Generación Chile S.A.,91081000-6,2600.4908480000004,2600.4908480000004,4859
CONSULTA:f5c4b76d7700c3fa4356a409,2511,M:76737158b95146757ac24a73,9f1fa404090bff18c4024e393b3eb2928a95a8e903ff6edf813b28ae8678ea5b,CAHUIZA_______220,1.0,697,Colbún S.A.,96505760-9,23616.749703,23616.749703,697
CONSULTA:c5947f61638822e235d0220e,2511,M:dfead7670ab71789f93e5170,fafa57c98a6e19e917378b22354fb3a19ee2d421ad923636bb1b47b3b08ab54d,COLLAHUASI____220,1.0,1263,Atacama Solar SpA,76055134-1,16499.999989,16499.999989,1263
CONSULTA:c5947f61638822e235d0220e,2511,M:dfead7670ab71789f93e5170,fafa57c98a6e19e917378b22354fb3a19ee2d421ad923636bb1b47b3b08ab54d,COLLAHUASI____220,1.0,1264,Colbún S.A.,96505760-9,12201.712276,12201.712276,1264
CONSULTA:c5947f61638822e235d0220e,2511,M:dfead7670ab71789f93e5170,fafa57c98a6e19e917378b22354fb3a19ee2d421ad923636bb1b47b3b08ab54d,COLLAHUASI____220,1.0,1265,Enel Generación Chile S.A.,91081000-6,95700.000013,95700.000013,1265
CONSULTA:c5947f61638822e235d0220e,2511,M:dfead7670ab71789f93e5170,fafa57c98a6e19e917378b22354fb3a19ee2d421ad923636bb1b47b3b08ab54d,COLLAHUASI____220,1.0,1266,Pozo Almonte Solar 2 S.A.,76055356-5,1730.1271669999999,1730.1271669999999,1266
CONSULTA:c5947f61638822e235d0220e,2511,M:dfead7670ab71789f93e5170,fafa57c98a6e19e917378b22354fb3a19ee2d421ad923636bb1b47b3b08ab54d,COLLAHUASI____220,1.0,1267,Pozo Almonte Solar 3 S.A.,76055354-9,1336.304844,1336.304844,1267
CONSULTA:2a8e8514f35601e9924509b9,2511,M:6490e8ea639c6ad2c1b0bd89,00295fa2e3fc8b937e92f42dc4c0647c6c3a42d748168744a660bd611a485236,MEJILLONES____110,1.0,2952,Engie Energía Chile S.A.,88006900-4,3323.37837,3323.37837,2952
CONSULTA:ef79d5e8d8141ce8efb0c38a,2511,M:e30fddf23a10659eb2872c17,51bd806d18f11456dd2028d0a796c0e817f05057741c8814109b2609b37e60ac,LLAYLLAY______110,1.0,1405,Enel Generación Chile S.A.,91081000-6,4085.8993259999997,4085.8993259999997,1405
CONSULTA:c6c519982be6e1352c0833d3,2511,M:f194b213231cdc8c1d47eec6,24533deef1d164a8e82379cc11b43e6d0ce39c495a016fdc8b387b6419032f97,PPEUCO________110,1.0,3736,Colbún S.A.,96505760-9,11446.144359,11446.144359,3736
CONSULTA:fb9a82077703eec5add3f3a6,2511,M:de83201574c676beb8c5cbb0,f95ca13beb98dfd7f3584f562c3e5650bedf6e6d77ca7755a6336fb891aec516,TAP_POLPAICO__066,1.0,3575,Colbún S.A.,96505760-9,1833.88843,1833.88843,3575
CONSULTA:a25fbb93168cf4f63d8ecee2,2511,M:8c7302bc048944729e65e4e9,8c5a046e63f54f5d650602ed1e2a476acd1d7ebd3689a59ecf0d3ad8060c9ea2,MEJILLONES____023,1.0,2954,Colbún S.A.,96505760-9,888.829915,888.829915,2954
CONSULTA:cc11be8989f66c7f11de0473,2511,M:95050afcdbcc6ecd04a8f6a0,26c18f5923a4bc07fd6613d088253e42b28934351bc3a1c0ef108b8bdc9a2052,CATEMU________044,1.0,807,Norvind S.A.,76919070-8,2148.317846,2148.317846,807
CONSULTA:53e4b98f4831303a34d8e390,2511,M:200c7285afbb944c92cb5309,a07f55ce796613e962485c63de7a6c48a8538f65bba98a8e6adb6f69b6cf8e54,CHACAYA_______110,1.0,1039,Engie Energía Chile S.A.,88006900-4,7.169587000000001,7.169587000000001,1039
CONSULTA:a3bd521538581382fe520e35,2511,M:1de8b91232a0019b14be33a4,d0ebb838abe5e2d4248854761669f7e64c4db86f539a80c3382f90f7845b93f3,S.VICENTE_____013,1.0,4533,GR Power Chile SpA,77209283-0,1658.5200479999999,1658.5200479999999,4533
CONSULTA:a7d03571f9498b742b4e705c,2511,M:2caaf26f48ab7c80c8dcf823,b3d6d7fac232ba6ec944c832893b70391632a10444f5938f3c191ffe1345d391,VENTANAS______110,1.0,4964,Enel Generación Chile S.A.,91081000-6,41.812087,41.812087,4964
CONSULTA:bd3efa4fd614d8635e43e562,2511,M:ac027db6d394dd0ea5978d04,5997bcc7527c0e59409e65f137a61d7c673f0d7ecd3052ecf2205c28693f7709,LAMPA_________220,1.0,2048,Enel Generación Chile S.A.,91081000-6,26298.157813,26298.157813,2048
CONSULTA:6f971b211a112a0ae84a2b82,2511,M:2c26ed6ef40139d3dcc57e6b,57c9fb5a4905c31e4d3195f996b65d9d219a4e0aa177ed5933c67bb89330f9b4,S.VICENTE_____154,1.0,4535,Engie Energía Chile S.A.,88006900-4,3973.6846140000002,3973.6846140000002,4535
CONSULTA:902d670a153353fbd3d7e683,2511,M:428156e186b2d5b18d4943a9,dc5c35574554acaa99b293092af70a1a73388b8a84aeae31d251a71aa1b3a167,MOLYCOP_______220,1.0,3063,Engie Energía Chile S.A.,88006900-4,8277.44951,8277.44951,3063
CONSULTA:beba19dc0b48f64dd79f2c29,2511,M:a35b10c36c576a780798685d,646b329962598a2be1164587480c5a2328d1135cae0b4daa102bed6da0d8e4ea,N.VICTORIA____220,1.0,4852,,76085254-6,6651.720889,6651.720889,4852
CONSULTA:f208f05b67ec1378c0c49ebe,2511,M:b480f139dea5fd88247e2f78,8bcf274d06f613778ad1475608d7c7361898ececaee4d5c91d0899d775e3bc1d,LACRUZ________220,1.0,4832,,76085254-6,3755.463952,3755.463952,4832
CONSULTA:aee1ebb5367afd194cb38146,2511,M:76b1dd0883291896d007b03a,819f6e06d5ceaddeca9e8f317686587391b5e117b5211ecfc36543a85131871b,LOA___________220,1.0,4824,,76085254-6,6934.370749,6934.370749,4824
CONSULTA:a45658cede3dff00d3eb46b7,2511,M:595010f1c471c20d5d97089d,ee3f43659019cd2f9aaf7e087e56052f18cc43f74ded4cecbe17f9d8b2f5f0eb,LAGUNAS_______023,1.0,2044,,76085254-6,6061.885406,6061.885406,2044
CONSULTA:6edc84689d90565a4b2a8738,2511,M:294808e5f44e8eeecf72dd79,2b571c918a0df80a81c342f0f2a280888cccca40d19a715d56b2e0563252b3d3,OESTE_________220,1.0,4855,,76085254-6,14861.837827,14861.837827,4855
CONSULTA:2c5b44a7979fb7f097e0c514,2511,M:f034ec71716ae4724b04dee0,05cb43d6bce03b97ba98708be46cf47c88f96f097e7de2bccbf86b8e9f36d04e,TOCOPILLA_____005,1.0,4907,,76085254-6,183.9054,183.9054,4907
CONSULTA:47ca6022fc14eb6fa21ab03a,2511,M:2e598b1a64b12be3789c046e,12e960782db9b8653d76531642e6c8768d93d6f09855f26c21dffefd381d1690,T.ACCNORTE____110,1.0,749,,76085254-6,16810.451386,16810.451386,749
CONSULTA:d1f671fe43815dbebf8630d2,2511,M:2483c7098f773e350fed3fba,7e6f4b9fb4b14022c9376b5a277bca50c17b8a29d5eb381bb7a91762d434faab,CIRUELOS______220,1.0,1176,Arauco Bioenergía SpA,96547510-9,2.201074,2.201074,1176
CONSULTA:ae1458694aafcd0c65524368,2511,M:60fe0b861a99812c574a45d3,fc6eed0884ab127bc6c92c21e6b91385a75cff0f79f60bf225a17f6491bc2ff3,PARAUCO_______220,1.0,370,Arauco Bioenergía SpA,96547510-9,2665.025624,2665.025624,370
CONSULTA:ee71b80b7ef95ef1054106a1,2511,M:bf498371d2838e905990c204,41d4c0f87080552b7cf44a4cf738a9164eac88fde607c250e1993481c3958bab,CONSTIT.______066,1.0,1339,Arauco Bioenergía SpA,96547510-9,64.560793,64.560793,1339
CONSULTA:3cff9ce2a1d31422b036d09c,2511,M:a0fb474d6faa36ab890a9c49,41e72c8b6d6c75ac71dd15bc3cc62ebbfb33bbeeb8cc714cc2294a44f1d3ab86,LICANTEN______066,1.0,2205,Arauco Bioenergía SpA,96547510-9,191.297298,191.297298,2205
CONSULTA:0adead95f0ba8f20cc4324f6,2511,M:e7a0c992943edefc0a682779,1180ee42732dd495290376cbd88c798211f8092cedc13f6c7134f674260836d2,STA.ELVIRA____066,1.0,4646,Arauco Bioenergía SpA,96547510-9,3977.137823,3977.137823,4646
CONSULTA:9a1c540648cf67b1d2eb9fa1,2511,M:8bba9088d380f5b528fb13f1,3db666498607da01d03b7049cd847c8d4bad91e544169077fccce74b5cdbb385,PALTO_________110,1.0,3625,Enel Generación Chile S.A.,91081000-6,823.553598,823.553598,3625
CONSULTA:eace0ce004d4612d93c4a41e,2511,M:d876250b28b501d2f118f38e,20e108edd13b04bd55a1ab19ff2ea27a40991daa03f67de9dd10539d18311d2a,OXY___________154,1.0,3165,Enel Generación Chile S.A.,91081000-6,11330.351924,11330.351924,3165
CONSULTA:be337721c37a7619caea8a83,2511,M:44bbc5b0ff9db8aab18d2ff9,d534fd352bd2f3cf50df2e7833445711181033218af6bbaff54e762a0b209c91,ESPERANZA_SNG_220,1.0,1642,Enel Generación Chile S.A.,91081000-6,3700.219775,3700.219775,1642
CONSULTA:8fa4d68d6056b8b6b5736c23,2511,M:a6482995b0a37f4e3874b858,daf55add2a91d56ed343f5eef1270b2b3540c2eded0639808d6e2347d7f35455,QUELTEHUES____110,1.0,841,AES Andes S.A.,94272000-9,78.361661,78.361661,841
CONSULTA:54d7b525af285cacb7f87b30,2511,M:85d8c1240448feaf827be513,110e686c4549854c1e9aa60e7aa4acc7254a0201f8e32afe03bb0f36eb5341a2,MAITENES______110,1.0,834,AES Andes S.A.,94272000-9,789.025401,789.025401,834
CONSULTA:1deefd1d30863d6077b23117,2511,M:4eb539475ffb482a40977f52,8f15524917854847a530be96d3b54977949c932aba3b924a14e05abf86313937,P.ALMONTE_____110,1.0,3581,Tamakaya Energía SpA,76349223-0,136.88953400000003,136.88953400000003,3581
CONSULTA:6e2541e2936b1af57083775e,2511,M:44d46d7e45a3a080c5bed817,a4f07f1ae96ccf8a50cccb4d7890c177bee14feebcf8d65052fab41451c26faf,S.VICENTE_____154,1.0,4534,Engie Energía Chile S.A.,88006900-4,1266.1303130000001,1266.1303130000001,4534
CONSULTA:bad66a234b2a66dbee9cddea,2511,M:f9d954d7960a7bdeb61188d1,d6ed2b3a275a6c82cb713195c4d35aa88198f64b9c98ea5fd6ccbbfca636bd1d,HUASCO________110,1.0,1765,Amanecer Solar SpA,76273559-8,5487.938480000001,5487.938480000001,1765
CONSULTA:bad66a234b2a66dbee9cddea,2511,M:f9d954d7960a7bdeb61188d1,d6ed2b3a275a6c82cb713195c4d35aa88198f64b9c98ea5fd6ccbbfca636bd1d,HUASCO________110,1.0,1766,Guacolda Energía SpA,76418918-3,15761.350607999999,15761.350607999999,1766
CONSULTA:acd037222ed2c350e338236c,2511,M:ab3f4966cda539d6df24145a,a9c925965b24da8a6b48f6ebd7c94a222b20455b5f4eea5bc7515f0ecb975b26,CARDONES______110,1.0,750,Amanecer Solar SpA,76273559-8,2670.970039,2670.970039,750
CONSULTA:acd037222ed2c350e338236c,2511,M:ab3f4966cda539d6df24145a,a9c925965b24da8a6b48f6ebd7c94a222b20455b5f4eea5bc7515f0ecb975b26,CARDONES______110,1.0,751,Guacolda Energía SpA,76418918-3,8980.79337,8980.79337,751
CONSULTA:96f017716f7e0037df867109,2511,M:52fa00f4e1cfa736dc4766f1,fd0d4f4e6b9f3d29c92fa0a50c93d0b4dfaa4000bd451bec05fae14362871b13,ROMERAL_______110,1.0,4015,Amanecer Solar SpA,76273559-8,1672.926682,1672.926682,4015
CONSULTA:96f017716f7e0037df867109,2511,M:52fa00f4e1cfa736dc4766f1,fd0d4f4e6b9f3d29c92fa0a50c93d0b4dfaa4000bd451bec05fae14362871b13,ROMERAL_______110,1.0,4016,Guacolda Energía SpA,76418918-3,5153.470008,5153.470008,4016
CONSULTA:f6007f8bd024eeb4337ff5d8,2511,M:87943746cb2ffa72e05c6755,fedd749fcc828d93c73c6922b81212f2f1cb3349df615f8ead66ee4772525a2e,TOTORALICMP___220,1.0,4911,Amanecer Solar SpA,76273559-8,382.029849,382.029849,4911
CONSULTA:f6007f8bd024eeb4337ff5d8,2511,M:87943746cb2ffa72e05c6755,fedd749fcc828d93c73c6922b81212f2f1cb3349df615f8ead66ee4772525a2e,TOTORALICMP___220,1.0,4912,Guacolda Energía SpA,76418918-3,5756.298186,5756.298186,4912
CONSULTA:e98f2f417619ddc880991bbf,2511,M:bfbcc6925d58759da10f823a,f5dff8868d299891d34534839a744d447a94710e5c84142b97321f6bca0486a5,L.COLOR1______110,1.0,2580,Amanecer Solar SpA,76273559-8,1298.153045,1298.153045,2580
CONSULTA:e98f2f417619ddc880991bbf,2511,M:bfbcc6925d58759da10f823a,f5dff8868d299891d34534839a744d447a94710e5c84142b97321f6bca0486a5,L.COLOR1______110,1.0,2581,Guacolda Energía SpA,76418918-3,4186.9917749999995,4186.9917749999995,2581
CONSULTA:1ff2a2e56be798a9eb42f897,2511,M:324b28a93f668757b3156e60,9dbd3323504b1f7f1117395d075b3ed0fc69af03b5388013f9315845fc79372f,CERRONEGRONOR_220,1.0,899,Amanecer Solar SpA,76273559-8,4162.778,4162.778,899
CONSULTA:1ff2a2e56be798a9eb42f897,2511,M:324b28a93f668757b3156e60,9dbd3323504b1f7f1117395d075b3ed0fc69af03b5388013f9315845fc79372f,CERRONEGRONOR_220,1.0,900,Guacolda Energía SpA,76418918-3,12551.637050000001,12551.637050000001,900
CONSULTA:1b070a577a64f7aacdfb8d72,2511,M:ff04f0f5133614548e77e086,a1487c19703698abf4d8b049bccdc5bd940c3987701d2891f8fbb273ad36b398,BUCALEMU______066,1.0,609,Colbún S.A.,96505760-9,8.788488,8.788488,609
CONSULTA:4a21bae8d219b9ba346efda1,2511,M:a06e5e1af96fff7787b87a18,0895e982bfad2f9a181d70e16dc95708dce4c03f0df331be79987c0285468860,PICOLTUE______023,1.0,3472,Colbún S.A.,96505760-9,1918.815459,1918.815459,3472
CONSULTA:1b51e3105b5b81ff23c05b15,2511,M:d70efcde00056639d890c286,489572a33de8f1cc3640212f989e2f9c4fcef3f825f845c545b40144338b3709,PALESTINA_____220,1.0,4856,Enel Generación Chile S.A.,91081000-6,8397.086707,8397.086707,4856
CONSULTA:0f1f110eccd6267600f66871,2511,M:78597bdc32487bed670bb1cc,00e1f7e9b09b1364ae08e4f216898118518b7db9873fc166cd06ba74e5e9728b,TENO__________154,1.0,4889,Arauco Bioenergía SpA,96547510-9,4800.903542,4800.903542,4889
CONSULTA:905dd2d81c56f229099127a2,2511,M:d3e6f88912c6dfa071aeded9,acf4c78c590d44efc2e245b9856d40babb78fdb63f7ff1774f1fe4cae4425b2e,CONSTIT.______066,1.0,1340,Arauco Bioenergía SpA,96547510-9,6.195024,6.195024,1340
CONSULTA:8fa8050aa4afa479d765854a,2511,M:fd15a49d1adb9d537849b500,c8eb92b04cf645987cb17d7264f04525323977c85ce38994ddcc1d80ba329151,CHOLGUAN______013,1.0,1148,Arauco Bioenergía SpA,96547510-9,2339.594123,2339.594123,1148
CONSULTA:bb57ab2fba04265d4fd9b1c3,2511,M:be395aa11de5fb89eb862627,fb87007f6786a75c6429f5eaa86edd9ba170c063a83a1e72b7559b765380ba99,FOPACO________006,1.0,1695,Enel Generación Chile S.A.,91081000-6,4935.456053999999,4935.456053999999,1695
CONSULTA:9b087fb1a6023101a874561b,2511,M:fda6fcd73d483368af802c23,49c14c2929488d571fa51b787ad2fe0ec841d1e9117373b7793eba83237e1358,ISLADMAIPO____066,1.0,1796,Bioenergías Forestales SpA,76188197-3,9729.120204,9729.120204,1796
CONSULTA:624173e47460d3f63164d63b,2511,M:e0811411b33be32b093a631c,b12c89ceb3595a715278151d6a206cbfa0abbc231619a3c2d3d2c2c72b830295,PALTO_________110,1.0,3627,Enel Generación Chile S.A.,91081000-6,3586.048518,3586.048518,3627
CONSULTA:3df914242f6a341620d07258,2511,M:04d36064bff76ad467b22b71,d06b5dafe95e8bceb43a0d7b744d1120da1b019d5b5eaba1ba32d4cc2ab24692,LAJA__________220,1.0,816,Bioenergías Forestales SpA,76188197-3,2143.84974,2143.84974,816
CONSULTA:3df914242f6a341620d07258,2511,M:04d36064bff76ad467b22b71,d06b5dafe95e8bceb43a0d7b744d1120da1b019d5b5eaba1ba32d4cc2ab24692,LAJA__________220,1.0,817,Colbún S.A.,96505760-9,371.11369,371.11369,817
CONSULTA:2b0748ee81868e0d1f97e1d5,2511,M:6d32ccdfc9591d2310b5c174,8cfedc73ec123efca4d63f1e35215eaf7401540a37f6c8f2509ee97a6e5133bc,S.F.MOSTAZAL__013,1.0,4281,Energía Pacífico S.A.,76004531-4,4610.673649,4610.673649,4281
CONSULTA:c4d0476833b09a75f4ff7bf1,2511,M:f2fb1445da925ef3429bc02e,c4b418bbed03ecdd8b65a931579724e6ea5bbdb23a06b302e41717786f106e42,LAGUNAS_______220,1.0,2043,AES Andes S.A.,94272000-9,117425.29551199998,117425.29551199998,2043
CONSULTA:a4205d67a4968408329311f0,2511,M:062717df182b3df1d33f1993,dbb4b44449677773190c6706172f25650c4ffa6845ea90e28ae9fe48634b5bf7,GEOGLIFOS_____220,1.0,1701,AES Andes S.A.,94272000-9,4448.634201,4448.634201,1701
CONSULTA:ab735856ac378d78b0d1d874,2511,M:8f93ea8028c008a73589bda1,3a5221c67ddf70b8ab501b7b8a72e8afbd1e3db8f87f25cb658b6349982831e6,PUERTOPATACHE_220,1.0,3685,AES Andes S.A.,94272000-9,10561.62649,10561.62649,3685
CONSULTA:c5cccee4aaa9b9baebfe939c,2511,M:16fa897f615f8e1709975069,3880ed26381064a93ad40e10a8f1b1abc62ee35df373efe30b68cbd7f8388087,H.FUENTES_____013,1.0,1744,Acciona Energía Chile Holdings S.A.,76437712-5,346.80667800000003,346.80667800000003,1744
CONSULTA:786bd678ecd8c486c6c02344,2511,M:a0034a2b3281c3c095a2abfb,d1aa5165e88e07de2fdcca16755861e92c40d6df9f5cd9018952db24596f2a17,M.V.CEN.______154,1.0,3000,Empresa Eléctrica Pehuenche S.A.,96504980-0,29313.688092,29313.688092,3000
CONSULTA:b965b3afca77e5d3b785f53d,2511,M:096853af3da0c136f9d0075d,a90025330e68459f079ea5591d07f2d52d1cc55372b821628c82fe3498cb170c,QUINTERO______013,1.0,3892,AES Andes S.A.,94272000-9,39.202646,39.202646,3892
CONSULTA:b965b3afca77e5d3b785f53d,2511,M:096853af3da0c136f9d0075d,a90025330e68459f079ea5591d07f2d52d1cc55372b821628c82fe3498cb170c,QUINTERO______013,1.0,3893,AES Andes S.A.,94272000-9,608.449336,608.449336,3893
CONSULTA:8b19708a7bc0f74457ddb428,2511,M:16f97ab6ff0d7a8dfd4b552b,0c607dd4b375e3840e96abde11bc586c021222475cc5458a5488083bed12d7ae,CHACAYA_______004,1.0,835,Engie Energía Chile S.A.,88006900-4,354.487347,354.487347,835
CONSULTA:3a8734f241a0bb6fc3cac54c,2511,M:3c98484ffbef5163281c6f42,c1767a042ee1d78888296d28f4875603a9e93f0af7099e6604114fed58fc73e3,ELABRA________220,1.0,1529,Engie Energía Chile S.A.,88006900-4,57806.429585,57806.429585,1529
CONSULTA:f8141271ffd063385c76dde8,2511,M:2b0754553faec513d2ca6fa3,1345c0d2818780af1352e0fa695f713b3508f260fbe6282143541720667a1580,TENO__________013,1.0,4871,Colbún S.A.,96505760-9,5850.079644,5850.079644,4871
CONSULTA:025af07ffe7282849f11abf4,2511,M:1a7b2d21681a7825bb4ced4a,ed162639157cebcbc15bfb1ea7e15880e7bde271e95fb151f6a78dc1a5327f1d,INACESA_______023,1.0,1773,Colbún S.A.,96505760-9,3919.166249,3919.166249,1773
CONSULTA:cd3daacf23fe5b05268c9e45,2511,M:714f157540a799f9c0765d10,1e409a07f7e7e79097088d8a790e4bd8c9d4f6195f813e99805bf8f97c0bcf27,MEJILLONES____110,1.0,2953,Acierta Energía SpA,77333033-6,28.964779999999998,28.964779999999998,2953
CONSULTA:0cc2668c0f5cd25f6a5f061c,2511,M:437c269a1ac6589d79a87e68,700fe5613875706db1dae0adfb627b54cfd78cdbb5fcc8fb7fe3353a39617a2a,CHUMPULLO_____066,1.0,1174,Enel Generación Chile S.A.,91081000-6,2492.0017009999997,2492.0017009999997,1174
CONSULTA:fe7d7de8f523c3b8553b276e,2511,M:48d1c0bd2ace76e44c1b730d,0ecc6787a97666aeaf2808524e230dbdca57d68082e5032118a4cb17846a6ff3,PROCART_______220,1.0,3590,Colbún S.A.,96505760-9,9944.166508,9944.166508,3590
CONSULTA:fe7d7de8f523c3b8553b276e,2511,M:48d1c0bd2ace76e44c1b730d,0ecc6787a97666aeaf2808524e230dbdca57d68082e5032118a4cb17846a6ff3,PROCART_______220,1.0,3591,Enel Generación Chile S.A.,91081000-6,23203.055184999997,23203.055184999997,3591
CONSULTA:d499c16e5c99b38f207285e6,2511,M:3eef09b68619fafebb4e03df,5c8c6ae2eee22d2bdd45d680033af1d616017d9eb555d65cc8be96b14a37bf3d,C.BIOBIO______066,1.0,825,Colbún S.A.,96505760-9,2264.479912,2264.479912,825
CONSULTA:2dc5bec26c012f41de8dfeae,2511,M:c86b96d88588d81214a0c8da,1ccb9d439620bb420506191df4139f8a1236056e2dc18a06015a97b88c209038,FIBRANOVA_____066,1.0,1686,Atria Energía SpA,76827288-3,1578.713449,1578.713449,1686
CONSULTA:5c427b7645034dfd1ce3ad3c,2511,M:a631f549f57985254dbd52a0,27940206027f2a0aed05f320b0f1b9a1d723729e4d05c8cf6ce6d38e07cc3471,TOFF.DOLORES__023,1.0,4820,Engie Energía Chile S.A.,88006900-4,44.363218,44.363218,4820
CONSULTA:67416d5163e3d1d013f1bfda,2511,M:85bc60cb7305fdc225f99d77,2b82d391f5aa95c7d0b6539b0ac137771a6c7f559bdf6d8a26464747f893ff76,MEJILLONES____023,1.0,2955,Colbún S.A.,96505760-9,1081.943622,1081.943622,2955
CONSULTA:40f9c979c1b33fdc7ada284c,2511,M:1f24d4bc450f3e5e9b06c51d,7fb32ee01e89079cb70d6ef7dcffa5ee60d1bc60fa7ae34451eacd9339834687,CENTELLA______220,1.0,826,AES Andes S.A.,94272000-9,20449.516607,28740.712675000002,3831
CONSULTA:40f9c979c1b33fdc7ada284c,2511,M:1f24d4bc450f3e5e9b06c51d,7fb32ee01e89079cb70d6ef7dcffa5ee60d1bc60fa7ae34451eacd9339834687,QUILLOTA______220,1.0,3831,AES Andes S.A.,94272000-9,8291.196068,28740.712675000002,3831
CONSULTA:40f9c979c1b33fdc7ada284c,2511,M:1f24d4bc450f3e5e9b06c51d,7fb32ee01e89079cb70d6ef7dcffa5ee60d1bc60fa7ae34451eacd9339834687,CENTELLA______220,1.0,827,Alto Maipo SpA,76170761-2,46913.596947,65934.57625499999,3832
CONSULTA:40f9c979c1b33fdc7ada284c,2511,M:1f24d4bc450f3e5e9b06c51d,7fb32ee01e89079cb70d6ef7dcffa5ee60d1bc60fa7ae34451eacd9339834687,QUILLOTA______220,1.0,3832,Alto Maipo SpA,76170761-2,19020.979307999998,65934.57625499999,3832
CONSULTA:40f9c979c1b33fdc7ada284c,2511,M:1f24d4bc450f3e5e9b06c51d,7fb32ee01e89079cb70d6ef7dcffa5ee60d1bc60fa7ae34451eacd9339834687,CENTELLA______220,1.0,828,Parque Eólico El Arrayán SpA,76068557-7,3137.102935,4585.622173,3833
CONSULTA:40f9c979c1b33fdc7ada284c,2511,M:1f24d4bc450f3e5e9b06c51d,7fb32ee01e89079cb70d6ef7dcffa5ee60d1bc60fa7ae34451eacd9339834687,QUILLOTA______220,1.0,3833,Parque Eólico El Arrayán SpA,76068557-7,1448.5192379999999,4585.622173,3833
CONSULTA:40f9c979c1b33fdc7ada284c,2511,M:1f24d4bc450f3e5e9b06c51d,7fb32ee01e89079cb70d6ef7dcffa5ee60d1bc60fa7ae34451eacd9339834687,CENTELLA______220,1.0,829,Conejo Solar SpA,76376829-5,11128.030623,16096.239654,3834
CONSULTA:40f9c979c1b33fdc7ada284c,2511,M:1f24d4bc450f3e5e9b06c51d,7fb32ee01e89079cb70d6ef7dcffa5ee60d1bc60fa7ae34451eacd9339834687,QUILLOTA______220,1.0,3834,Conejo Solar SpA,76376829-5,4968.209031,16096.239654,3834
CONSULTA:40f9c979c1b33fdc7ada284c,2511,M:1f24d4bc450f3e5e9b06c51d,7fb32ee01e89079cb70d6ef7dcffa5ee60d1bc60fa7ae34451eacd9339834687,CENTELLA______220,1.0,830,Javiera SpA,76376635-7,9923.870004,12703.286223000001,3835
CONSULTA:40f9c979c1b33fdc7ada284c,2511,M:1f24d4bc450f3e5e9b06c51d,7fb32ee01e89079cb70d6ef7dcffa5ee60d1bc60fa7ae34451eacd9339834687,QUILLOTA______220,1.0,3835,Javiera SpA,76376635-7,2779.416219,12703.286223000001,3835
CONSULTA:1c51643f3d7426902c96366a,2511,M:dd0c0a22b2ae95593bd36442,94accd2a8af312d6dd26dbee07dd4694395ade0d68c2135ff09fd4e35aa60312,L.VILOS_______220,1.0,2677,AES Andes S.A.,94272000-9,570.522093,570.522093,2677
CONSULTA:1c51643f3d7426902c96366a,2511,M:dd0c0a22b2ae95593bd36442,94accd2a8af312d6dd26dbee07dd4694395ade0d68c2135ff09fd4e35aa60312,L.VILOS_______220,1.0,2678,Parque Eólico El Arrayán SpA,76068557-7,3461.550296,3461.550296,2678
CONSULTA:af7c2a1b07027f8cbec9cf97,2511,M:a83c0cab68b4dd37948ec2eb,7a1c64630d34cf7ead7c093f8f3383f6c91c500a735218c38bb075680432c5a8,MEJILLONES____110,1.0,2951,Engie Energía Chile S.A.,88006900-4,3.137574,3.137574,2951
CONSULTA:05fe877f5962d439a059c85a,2511,M:59530ca46122ab46816dceab,7babbff51647d3a57c480f56bd9157f7b6907a2979e7b51c6d7b2b1853bfcf22,FIBRANOVA_____066,1.0,1685,Neomas SpA,76112774-8,2727.6321150000003,2727.6321150000003,1685
CONSULTA:a3bf749a3ec2c26cc47b6cd7,2511,M:dcd58ed99b5ce36955e111d3,f75ac7d9715b112b53dc34d2043d1f0bc88905f02d927194c736da8307c6b341,MAPAL_________154,1.0,2872,Enel Generación Chile S.A.,91081000-6,1616.7780830000002,1616.7780830000002,2872
CONSULTA:a3bf749a3ec2c26cc47b6cd7,2511,M:dcd58ed99b5ce36955e111d3,f75ac7d9715b112b53dc34d2043d1f0bc88905f02d927194c736da8307c6b341,MAPAL_________154,1.0,2873,Neomas SpA,76112774-8,404.194521,404.194521,2873
CONSULTA:69803c58f64bc880869fbbc6,2511,M:77366f6105ea7c4ced85c457,363ca9a3db577e4d1c52a1b58353ca3eeb89db002dd6ef41895a24472b92235c,MASISA________066,1.0,667,Enel Generación Chile S.A.,91081000-6,9000.0,9000.0,667
CONSULTA:69803c58f64bc880869fbbc6,2511,M:77366f6105ea7c4ced85c457,363ca9a3db577e4d1c52a1b58353ca3eeb89db002dd6ef41895a24472b92235c,MASISA________066,1.0,668,Neomas SpA,76112774-8,1303.0447239999999,1303.0447239999999,668
CONSULTA:f6bb6d943b0b3da51791274e,2511,M:8d823c2ac3653a027dffb04f,c4ddb2af7b4a24533c6603ed5dafdb7487aa29416a5dcdc59b69ed676505fb5a,PALTO_________110,1.0,3626,Enel Generación Chile S.A.,91081000-6,15157.379933,15157.379933,3626
CONSULTA:d9c663317a67462ac60439fa,2511,M:21a5ffd52c11945df9f9995b,849eadd693bc6658075b9f9213160ce760736588f9c40df5bf07ad9e9bd71ff3,P.ALMONTE_____066,1.0,3589,Engie Energía Chile S.A.,88006900-4,7.713842,7.713842,3589
CONSULTA:ab5132b0a6d0c72c70f63b06,2511,M:e7eac7fcf0eb9ab0f2d789e0,f84a4a309f988df75dbec7c104adde66adadc0880d727ba6023cd68caea7c2d5,TARAPACA______220,1.0,4862,Enel Generación Chile S.A.,91081000-6,92.686234,92.686234,4862
CONSULTA:9b7a118b52a00a4879879828,2511,M:3fa4fd75ad5a7c2f55f34f85,b307d6403b90dfd513dd1e46c92e8211e28465e0367b88667e22cc27bfb88535,EKA.CHILE_____154,1.0,1527,Arauco Bioenergía SpA,96547510-9,23282.620329999998,23282.620329999998,1527
CONSULTA:9b7a118b52a00a4879879828,2511,M:3fa4fd75ad5a7c2f55f34f85,b307d6403b90dfd513dd1e46c92e8211e28465e0367b88667e22cc27bfb88535,EKA.CHILE_____154,1.0,1528,IEH Solar Chile SpA,76775253-9,2754.377,2754.377,1528
CONSULTA:9c460c29aedfd52c26eca9b3,2511,M:e2e1c4dda438d78d3c95085b,64842e7595777466354d8a1f7727b3d7ed4880e71755de45107efecc04659b8f,CASERONES_____220,1.0,2802,Enel Generación Chile S.A.,91081000-6,44441.871419,89605.84003400001,2802
CONSULTA:9c460c29aedfd52c26eca9b3,2511,M:e2e1c4dda438d78d3c95085b,64842e7595777466354d8a1f7727b3d7ed4880e71755de45107efecc04659b8f,VERBENAS______220,1.0,2804,Enel Generación Chile S.A.,91081000-6,45163.968615000005,89605.84003400001,2802
CONSULTA:ea30734e92ec11cee4621d6a,2511,M:06751059fd5d471752677bbb,f0c64b22368b1ec556ec9d61078488414f0417a8aafab4ba462cceae0c0b4454,MAESTRANZA____013,1.0,5146,Enel Generación Chile S.A.,91081000-6,1757.925402,1757.925402,5146
CONSULTA:8c462595f8c14b582396d5ad,2511,M:0cddd39a15076908c51a442b,13f829994f6405ae93c85e483662f2da63b0dd0ea4b72a81e7238f1cf8013647,RANCAGUA______154,1.0,3900,Enel Generación Chile S.A.,91081000-6,2036.615982,2036.615982,3900
CONSULTA:511535d2b3912b71bb755b6e,2511,M:b961fd1d2d7cf309b089eb7b,b7b5d6ab4442be3d1145bba6259b7f227a67705094f8de9b775939cc8b230e07,ANTOFAGASTA___013,1.0,311,Engie Energía Chile S.A.,88006900-4,1687.245993,1687.245993,311
CONSULTA:4a757c37e0c002b761d9ac83,2511,M:906c02ee8a91410b08a71b2d,0fa660ee64cec625939896758ebe2a45fcb2e17f2961adfe57e8888324f13b5c,TBARRILES_____220,1.0,4819,Safira Energía Chile SpA,76832212-0,5723.30795,5723.30795,4819
